{
  "model_key": "roberta",
  "test_accuracy": 0.927,
  "test_f1_macro": 0.8785507429431441,
  "f1_per_class": [
    0.9708904109589042,
    0.9448028673835125,
    0.8013245033112583,
    0.9323583180987203,
    0.8932461873638344,
    0.7286821705426356
  ],
  "confusion_matrix": [
    [
      567,
      2,
      0,
      9,
      3,
      0
    ],
    [
      2,
      659,
      22,
      3,
      1,
      8
    ],
    [
      0,
      37,
      121,
      1,
      0,
      0
    ],
    [
      8,
      2,
      0,
      255,
      10,
      0
    ],
    [
      7,
      0,
      0,
      4,
      205,
      8
    ],
    [
      3,
      0,
      0,
      0,
      16,
      47
    ]
  ],
  "ece_before": 0.028843663111329063,
  "ece_after": 0.022976895615458494,
  "temperature": 1.1686018705368042,
  "bin_data_before": {
    "bin_confidence": [
      0.03333333333333333,
      0.1,
      0.16666666666666669,
      0.23333333333333334,
      0.3,
      0.3704059422016144,
      0.4392944872379303,
      0.5194804072380066,
      0.5689542889595032,
      0.6298014521598816,
      0.7000818252563477,
      0.7674275636672974,
      0.8373485803604126,
      0.9062297344207764,
      0.9977770447731018
    ],
    "bin_accuracy": [
      0.0,
      0.0,
      0.0,
      0.0,
      0.0,
      0.0,
      1.0,
      0.5,
      0.425,
      0.46938775510204084,
      0.6071428571428571,
      0.5238095238095238,
      0.6153846153846154,
      0.3125,
      0.9886234357224118
    ],
    "bin_counts": [
      0,
      0,
      0,
      0,
      0,
      1,
      2,
      32,
      80,
      49,
      28,
      21,
      13,
      16,
      1758
    ],
    "bin_lowers": [
      0.0,
      0.06666666666666667,
      0.13333333333333333,
      0.2,
      0.26666666666666666,
      0.3333333333333333,
      0.4,
      0.4666666666666667,
      0.5333333333333333,
      0.6,
      0.6666666666666666,
      0.7333333333333333,
      0.8,
      0.8666666666666667,
      0.9333333333333333
    ],
    "bin_uppers": [
      0.06666666666666667,
      0.13333333333333333,
      0.2,
      0.26666666666666666,
      0.3333333333333333,
      0.4,
      0.4666666666666667,
      0.5333333333333333,
      0.6,
      0.6666666666666666,
      0.7333333333333333,
      0.8,
      0.8666666666666667,
      0.9333333333333333,
      1.0
    ]
  },
  "bin_data_after": {
    "bin_confidence": [
      0.03333333333333333,
      0.1,
      0.16666666666666669,
      0.23333333333333334,
      0.3,
      0.375360906124115,
      0.4340532124042511,
      0.5142402648925781,
      0.5653455853462219,
      0.6289109587669373,
      0.6924463510513306,
      0.764718770980835,
      0.8396531343460083,
      0.903918445110321,
      0.9945056438446045
    ],
    "bin_accuracy": [
      0.0,
      0.0,
      0.0,
      0.0,
      0.0,
      0.5,
      1.0,
      0.4634146341463415,
      0.40217391304347827,
      0.6428571428571429,
      0.5769230769230769,
      0.47058823529411764,
      0.4,
      0.3125,
      0.9925629290617849
    ],
    "bin_counts": [
      0,
      0,
      0,
      0,
      0,
      2,
      1,
      41,
      92,
      42,
      26,
      17,
      15,
      16,
      1748
    ],
    "bin_lowers": [
      0.0,
      0.06666666666666667,
      0.13333333333333333,
      0.2,
      0.26666666666666666,
      0.3333333333333333,
      0.4,
      0.4666666666666667,
      0.5333333333333333,
      0.6,
      0.6666666666666666,
      0.7333333333333333,
      0.8,
      0.8666666666666667,
      0.9333333333333333
    ],
    "bin_uppers": [
      0.06666666666666667,
      0.13333333333333333,
      0.2,
      0.26666666666666666,
      0.3333333333333333,
      0.4,
      0.4666666666666667,
      0.5333333333333333,
      0.6,
      0.6666666666666666,
      0.7333333333333333,
      0.8,
      0.8666666666666667,
      0.9333333333333333,
      1.0
    ]
  }
}