{
  "model_key": "distilbert",
  "test_accuracy": 0.9285,
  "test_f1_macro": 0.8853840745233658,
  "f1_per_class": [
    0.9649272882805817,
    0.9508896797153025,
    0.8187919463087249,
    0.9219600725952813,
    0.8923766816143498,
    0.7633587786259542
  ],
  "confusion_matrix": [
    [
      564,
      4,
      0,
      6,
      6,
      1
    ],
    [
      1,
      668,
      17,
      2,
      0,
      7
    ],
    [
      0,
      35,
      122,
      2,
      0,
      0
    ],
    [
      14,
      3,
      0,
      254,
      4,
      0
    ],
    [
      7,
      0,
      0,
      11,
      199,
      7
    ],
    [
      2,
      0,
      0,
      1,
      13,
      50
    ]
  ],
  "ece_before": 0.03080934853851792,
  "ece_after": 0.027328761264681773,
  "temperature": 1.1568796634674072,
  "bin_data_before": {
    "bin_confidence": [
      0.03333333333333333,
      0.1,
      0.16666666666666669,
      0.23333333333333334,
      0.3,
      0.3918520510196686,
      0.4539569020271301,
      0.5152925252914429,
      0.5705862641334534,
      0.6332564353942871,
      0.7016145586967468,
      0.7596707344055176,
      0.831214427947998,
      0.9011731743812561,
      0.99516361951828
    ],
    "bin_accuracy": [
      0.0,
      0.0,
      0.0,
      0.0,
      0.0,
      0.0,
      1.0,
      0.5517241379310345,
      0.5833333333333334,
      0.59375,
      0.41025641025641024,
      0.4444444444444444,
      0.5,
      0.5,
      0.9891179839633448
    ],
    "bin_counts": [
      0,
      0,
      0,
      0,
      0,
      1,
      1,
      29,
      48,
      32,
      39,
      36,
      40,
      28,
      1746
    ],
    "bin_lowers": [
      0.0,
      0.06666666666666667,
      0.13333333333333333,
      0.2,
      0.26666666666666666,
      0.3333333333333333,
      0.4,
      0.4666666666666667,
      0.5333333333333333,
      0.6,
      0.6666666666666666,
      0.7333333333333333,
      0.8,
      0.8666666666666667,
      0.9333333333333333
    ],
    "bin_uppers": [
      0.06666666666666667,
      0.13333333333333333,
      0.2,
      0.26666666666666666,
      0.3333333333333333,
      0.4,
      0.4666666666666667,
      0.5333333333333333,
      0.6,
      0.6666666666666666,
      0.7333333333333333,
      0.8,
      0.8666666666666667,
      0.9333333333333333,
      1.0
    ]
  },
  "bin_data_after": {
    "bin_confidence": [
      0.03333333333333333,
      0.1,
      0.16666666666666669,
      0.23333333333333334,
      0.3,
      0.36690035462379456,
      0.41982579231262207,
      0.5106083154678345,
      0.5658870935440063,
      0.6300076246261597,
      0.6972002983093262,
      0.7727187871932983,
      0.8293419480323792,
      0.9015420079231262,
      0.9896506071090698
    ],
    "bin_accuracy": [
      0.0,
      0.0,
      0.0,
      0.0,
      0.0,
      0.0,
      1.0,
      0.5675675675675675,
      0.5882352941176471,
      0.4857142857142857,
      0.4528301886792453,
      0.45714285714285713,
      0.5172413793103449,
      0.5769230769230769,
      0.9919168591224018
    ],
    "bin_counts": [
      0,
      0,
      0,
      0,
      0,
      1,
      1,
      37,
      51,
      35,
      53,
      35,
      29,
      26,
      1732
    ],
    "bin_lowers": [
      0.0,
      0.06666666666666667,
      0.13333333333333333,
      0.2,
      0.26666666666666666,
      0.3333333333333333,
      0.4,
      0.4666666666666667,
      0.5333333333333333,
      0.6,
      0.6666666666666666,
      0.7333333333333333,
      0.8,
      0.8666666666666667,
      0.9333333333333333
    ],
    "bin_uppers": [
      0.06666666666666667,
      0.13333333333333333,
      0.2,
      0.26666666666666666,
      0.3333333333333333,
      0.4,
      0.4666666666666667,
      0.5333333333333333,
      0.6,
      0.6666666666666666,
      0.7333333333333333,
      0.8,
      0.8666666666666667,
      0.9333333333333333,
      1.0
    ]
  }
}