{
  "model_key": "efficientnet_b0",
  "strategy": "full_finetune",
  "data_fraction": 0.01,
  "trainable_params": 4020358,
  "total_params": 4020358,
  "trainable_pct": 100.0,
  "test_accuracy": 0.6244444444444445,
  "test_f1_macro": 0.5955189346143964,
  "latency_cpu_mean_ms": 33.171655997866765,
  "latency_cpu_p95_ms": 36.59564002882689,
  "onnx_mean_ms": 5.6357500061858445
}