{
  "model_key": "modernbert",
  "test_accuracy": 0.927,
  "test_f1_macro": 0.8889504324807455,
  "f1_per_class": [
    0.9656357388316151,
    0.9495677233429395,
    0.8264984227129337,
    0.9236499068901304,
    0.8764044943820225,
    0.7919463087248322
  ],
  "confusion_matrix": [
    [
      562,
      3,
      1,
      7,
      8,
      0
    ],
    [
      2,
      659,
      26,
      0,
      1,
      7
    ],
    [
      1,
      27,
      131,
      0,
      0,
      0
    ],
    [
      13,
      4,
      0,
      248,
      10,
      0
    ],
    [
      5,
      0,
      0,
      7,
      195,
      17
    ],
    [
      0,
      0,
      0,
      0,
      7,
      59
    ]
  ],
  "ece_before": 0.03855549177527426,
  "ece_after": 0.03052914422750474,
  "temperature": 1.2927093505859375,
  "bin_data_before": {
    "bin_confidence": [
      0.03333333333333333,
      0.1,
      0.16666666666666669,
      0.23333333333333334,
      0.3,
      0.35272130370140076,
      0.46275797486305237,
      0.5192376971244812,
      0.5651311278343201,
      0.6342617273330688,
      0.7019861936569214,
      0.7688713073730469,
      0.8337060809135437,
      0.9027261734008789,
      0.9975318908691406
    ],
    "bin_accuracy": [
      0.0,
      0.0,
      0.0,
      0.0,
      0.0,
      0.0,
      0.0,
      0.7647058823529411,
      0.5833333333333334,
      0.45,
      0.4444444444444444,
      0.3157894736842105,
      0.4411764705882353,
      0.6458333333333334,
      0.9907887161773172
    ],
    "bin_counts": [
      0,
      0,
      0,
      0,
      0,
      1,
      1,
      17,
      48,
      40,
      36,
      38,
      34,
      48,
      1737
    ],
    "bin_lowers": [
      0.0,
      0.06666666666666667,
      0.13333333333333333,
      0.2,
      0.26666666666666666,
      0.3333333333333333,
      0.4,
      0.4666666666666667,
      0.5333333333333333,
      0.6,
      0.6666666666666666,
      0.7333333333333333,
      0.8,
      0.8666666666666667,
      0.9333333333333333
    ],
    "bin_uppers": [
      0.06666666666666667,
      0.13333333333333333,
      0.2,
      0.26666666666666666,
      0.3333333333333333,
      0.4,
      0.4666666666666667,
      0.5333333333333333,
      0.6,
      0.6666666666666666,
      0.7333333333333333,
      0.8,
      0.8666666666666667,
      0.9333333333333333,
      1.0
    ]
  },
  "bin_data_after": {
    "bin_confidence": [
      0.03333333333333333,
      0.1,
      0.16666666666666669,
      0.23333333333333334,
      0.3230471611022949,
      0.3666666666666667,
      0.4330393671989441,
      0.5134666562080383,
      0.568845272064209,
      0.6347488164901733,
      0.7036729454994202,
      0.76748126745224,
      0.8398441076278687,
      0.9036698937416077,
      0.9940309524536133
    ],
    "bin_accuracy": [
      0.0,
      0.0,
      0.0,
      0.0,
      0.0,
      0.0,
      0.0,
      0.625,
      0.5283018867924528,
      0.45652173913043476,
      0.34146341463414637,
      0.4473684210526316,
      0.65,
      0.75,
      0.9964622641509434
    ],
    "bin_counts": [
      0,
      0,
      0,
      0,
      1,
      0,
      1,
      40,
      53,
      46,
      41,
      38,
      40,
      44,
      1696
    ],
    "bin_lowers": [
      0.0,
      0.06666666666666667,
      0.13333333333333333,
      0.2,
      0.26666666666666666,
      0.3333333333333333,
      0.4,
      0.4666666666666667,
      0.5333333333333333,
      0.6,
      0.6666666666666666,
      0.7333333333333333,
      0.8,
      0.8666666666666667,
      0.9333333333333333
    ],
    "bin_uppers": [
      0.06666666666666667,
      0.13333333333333333,
      0.2,
      0.26666666666666666,
      0.3333333333333333,
      0.4,
      0.4666666666666667,
      0.5333333333333333,
      0.6,
      0.6666666666666666,
      0.7333333333333333,
      0.8,
      0.8666666666666667,
      0.9333333333333333,
      1.0
    ]
  }
}