{
  "model_key": "efficientnet_b0",
  "strategy": "full_finetune",
  "data_fraction": 1.0,
  "trainable_params": 4020358,
  "total_params": 4020358,
  "trainable_pct": 100.0,
  "test_accuracy": 0.98,
  "test_f1_macro": 0.979280998181135,
  "latency_cpu_mean_ms": 24.814746003830805,
  "latency_cpu_p95_ms": 26.999825035454705,
  "onnx_mean_ms": 5.863368002464995
}